ha_original,ha_atual,var_floresta,pasto_recente,lavoura_ativa_crops,mosaico_mapbiomas_c21,classe_risco
114.49,82.79,-31.7,40.8,4.58,1,1
12.58,12.78,0.2,52.52,0.43,0,2
81.57,81.54,-0.03,21.84,0.28,0,2
35.96,37.23,1.27,1.32,7.96,1,0
144.37,123.28,-21.09,23.24,3.27,0,2
100.96,101.42,0.46,27.83,0.32,0,2
17.57,17.49,-0.08,1.38,0.0,0,2
96.08,96.42,0.34,2.63,0.0,0,2
109.98,110.29,0.31,1.24,19.52,1,0
12.07,11.88,-0.19,37.42,0.48,0,2
107.79,107.96,0.17,0.92,0.0,0,2
44.04,45.98,1.94,0.29,10.63,1,0
14.97,0.1,-14.87,12.74,4.11,1,1
117.69,117.57,-0.12,3.5,0.0,0,2
48.68,48.78,0.1,0.0,0.0,0,2
101.24,100.82,-0.42,1.71,0.0,0,2
12.41,13.59,1.18,1.55,14.89,1,0
99.71,60.69,-39.02,26.4,1.37,0,1
8.15,0.1,-8.05,24.72,1.84,1,1
124.22,115.18,-9.04,38.72,3.24,1,1
66.84,66.7,-0.14,2.08,0.0,0,2
126.53,127.28,0.75,52.33,0.86,0,2
70.29,71.42,1.13,1.54,6.09,1,0
118.74,119.52,0.78,0.09,12.4,1,0
99.84,89.13,-10.71,38.26,3.85,1,1
91.74,59.26,-32.48,17.4,3.19,1,1
129.79,109.8,-19.99,12.78,3.75,0,1
46.74,46.78,0.04,38.75,0.71,0,2
43.84,43.42,-0.42,2.4,0.0,0,2
71.63,66.14,-5.49,45.23,2.83,1,1
141.41,142.65,1.24,0.0,15.49,1,0
114.14,69.77,-44.37,42.74,1.14,0,1
129.8,129.99,0.19,1.87,0.0,0,2
128.48,130.0,1.52,1.49,13.89,1,0
141.16,142.72,1.56,0.22,10.6,1,0
130.38,132.0,1.62,0.4,7.67,1,2
50.55,52.4,1.85,0.71,12.99,1,0
69.59,69.22,-0.37,1.82,0.0,0,2
114.27,115.89,1.62,0.0,14.56,1,0
64.62,66.13,1.51,0.69,19.93,1,0
118.85,118.81,-0.04,3.11,0.0,0,2
140.48,140.21,-0.27,52.39,0.33,0,2
85.11,46.49,-38.62,46.21,4.12,0,0
10.94,0.1,-10.84,20.59,2.36,1,1
26.58,12.91,-13.67,29.69,1.51,1,1
62.54,62.45,-0.09,43.17,0.11,0,2
133.52,134.02,0.5,0.74,5.08,1,0
145.25,146.95,1.7,1.41,17.19,1,0
118.94,120.69,1.75,0.0,8.62,1,0
77.2,77.09,-0.11,15.69,0.07,0,2
81.86,82.4,0.54,2.23,0.0,0,2
61.0,60.76,-0.24,21.11,0.15,0,1
100.02,101.1,1.08,1.51,10.7,1,0
39.97,39.43,-0.54,0.28,0.0,0,2
149.46,149.67,0.21,46.8,0.9,0,2
47.7,48.42,0.72,0.07,8.59,1,0
129.82,130.21,0.39,0.0,11.04,1,0
86.38,73.03,-13.35,32.67,3.85,0,2
23.57,0.1,-23.47,24.49,2.75,1,1
72.77,73.42,0.65,0.65,13.55,1,0
149.11,148.66,-0.45,0.76,0.0,0,2
46.43,45.43,-1.0,3.62,0.0,0,2
106.61,106.22,-0.39,1.17,0.0,0,2
49.41,49.81,0.4,2.63,0.0,0,2
116.61,115.96,-0.65,1.1,0.0,0,2
49.04,49.37,0.33,36.99,0.11,0,2
104.65,104.7,0.05,2.72,0.0,0,2
71.45,71.67,0.22,0.88,0.0,0,2
31.11,31.71,0.6,2.45,0.0,0,2
85.25,85.5,0.25,0.0,16.26,1,0
62.59,63.12,0.53,0.0,15.17,1,0
18.52,1.64,-16.88,33.5,3.02,1,1
39.44,39.73,0.29,38.74,0.76,0,2
114.66,115.26,0.6,43.36,0.7,0,2
73.73,74.4,0.67,28.68,0.96,0,2
50.13,50.07,-0.06,41.17,0.56,0,2
31.4,31.12,-0.28,54.15,0.14,0,2
147.03,147.73,0.7,0.15,6.68,1,0
97.17,81.56,-15.61,32.33,1.21,0,1
142.41,141.73,-0.68,53.13,0.24,0,2
100.05,101.79,1.74,1.33,10.4,1,0
118.78,118.82,0.04,15.08,0.35,0,2
73.1,73.57,0.47,0.78,5.39,1,0
61.88,40.15,-21.73,28.19,4.55,1,1
21.09,20.93,-0.16,1.46,0.0,0,2
87.96,75.99,-11.97,25.16,2.18,0,1
12.13,0.1,-12.03,27.18,1.66,0,1
69.8,70.96,1.16,1.13,18.77,1,0
130.69,94.52,-36.17,38.5,2.5,0,1
140.92,141.19,0.27,18.61,0.96,0,2
141.67,141.74,0.07,20.07,0.29,0,2
44.58,20.62,-23.96,20.16,2.35,1,1
45.18,41.67,-3.51,22.33,1.97,1,1
64.76,65.76,1.0,0.46,6.23,1,0
119.92,120.22,0.3,2.59,0.0,0,0
17.62,18.47,0.85,1.79,6.85,1,0
50.74,6.5,-44.24,38.29,2.69,0,1
88.74,90.71,1.97,1.22,15.22,1,0
89.85,89.97,0.12,0.47,14.77,1,0
22.57,21.76,-0.81,29.05,0.51,0,2
144.85,146.57,1.72,1.36,17.93,1,0
62.01,62.68,0.67,0.92,2.77,1,0
25.26,25.93,0.67,2.04,0.0,0,2
35.41,35.58,0.17,51.37,0.54,0,2
141.14,141.31,0.17,18.69,0.86,0,2
45.46,45.23,-0.23,1.59,0.0,0,2
77.51,77.65,0.14,1.96,0.0,0,2
67.67,27.15,-40.52,26.65,3.24,1,1
94.49,94.73,0.24,0.46,7.75,1,0
95.24,96.78,1.54,0.65,13.79,1,0
126.4,100.18,-26.22,16.18,0.92,1,1
140.68,117.47,-23.21,50.12,4.83,1,1
73.92,74.23,0.31,2.63,0.0,0,2
28.79,7.13,-21.66,30.83,3.05,1,1
125.05,125.29,0.24,0.93,13.99,1,0
106.29,70.06,-36.23,47.76,0.88,0,1
49.56,7.76,-41.8,40.18,2.0,0,1
82.27,82.32,0.05,23.43,0.11,0,2
65.24,64.8,-0.44,0.0,0.0,0,2
56.65,55.9,-0.75,29.94,0.27,0,2
43.14,42.46,-0.68,0.0,0.0,0,2
21.59,21.93,0.34,0.51,0.0,0,2
143.08,136.41,-6.67,28.37,0.75,0,1
23.31,23.14,-0.17,1.64,0.0,0,2
90.04,89.52,-0.52,25.53,0.43,0,2
127.69,127.48,-0.21,1.92,20.52,1,0
133.79,133.86,0.07,4.35,0.0,0,2
126.08,125.79,-0.29,2.38,0.0,0,2
56.68,56.8,0.12,0.62,0.0,0,2
105.47,104.47,-1.0,39.47,0.93,0,2
12.43,12.96,0.53,35.79,0.62,0,2
101.67,102.19,0.52,54.31,0.92,0,2
107.61,107.62,0.01,15.93,0.96,0,2
20.39,6.06,-14.33,44.17,0.96,0,1
91.71,91.8,0.09,1.32,0.0,0,2
51.79,51.85,0.06,1.67,0.0,0,2
122.08,123.37,1.29,0.52,15.38,1,0
71.91,44.84,-27.07,19.02,4.45,0,1
146.18,146.63,0.45,44.44,0.22,0,2
34.92,35.33,0.41,18.93,0.48,0,2
96.2,97.99,1.79,0.77,10.02,1,0
14.03,13.95,-0.08,1.89,0.0,0,2
36.26,24.88,-11.38,43.64,1.45,0,1
135.55,135.26,-0.29,1.87,0.0,0,2
30.34,30.62,0.28,27.89,0.89,0,1
100.99,100.34,-0.65,1.75,0.0,0,2
128.43,129.38,0.95,1.4,6.71,1,0
21.54,21.27,-0.27,46.75,0.55,0,2
117.23,117.31,0.08,37.64,0.05,0,2
33.89,33.85,-0.04,2.23,0.0,0,1
94.19,86.39,-7.8,20.55,2.36,0,1
118.66,104.91,-13.75,13.51,0.3,0,1
68.16,68.01,-0.15,27.51,0.56,0,2
108.7,109.67,0.97,0.0,15.4,1,0
130.67,100.97,-29.7,14.61,3.6,1,1
113.05,112.18,-0.87,51.06,0.33,0,2
63.74,53.81,-9.93,31.99,1.1,0,1
141.37,142.02,0.65,0.45,8.64,1,0
93.95,93.45,-0.5,50.11,0.48,0,2
15.44,15.25,-0.19,16.92,0.97,0,2
29.1,31.54,2.44,0.0,4.71,1,0
107.91,81.88,-26.03,28.15,4.78,1,1
77.26,77.2,-0.06,0.8,0.0,0,2
93.64,93.78,0.14,1.55,4.73,1,0
111.87,112.59,0.72,46.27,0.05,0,2
98.37,98.55,0.18,2.17,8.02,1,0
82.34,82.08,-0.26,1.45,0.0,0,1
91.08,85.41,-5.67,16.61,0.01,1,1
5.55,7.36,1.81,0.23,18.35,1,0
56.88,58.18,1.3,0.88,12.14,1,0
64.69,64.49,-0.2,18.81,0.78,0,2
146.33,112.63,-33.7,10.86,4.63,0,0
36.83,36.63,-0.2,37.17,0.89,0,2
109.69,110.39,0.7,0.14,8.97,1,0
121.41,112.92,-8.49,45.04,1.49,0,1
96.68,96.77,0.09,59.97,0.33,0,2
120.8,120.67,-0.13,33.81,0.98,0,2
68.15,68.55,0.4,2.68,0.0,0,2
76.72,42.77,-33.95,38.44,0.95,0,1
97.96,98.22,0.26,2.65,0.0,0,2
67.21,67.56,0.35,45.16,0.65,0,2
26.1,26.26,0.16,3.97,0.0,0,2
14.93,14.67,-0.26,29.19,0.87,0,2
33.91,34.37,0.46,2.14,0.0,0,2
95.12,65.71,-29.41,36.95,1.94,0,1
124.58,124.83,0.25,3.41,0.0,0,2
86.5,62.08,-24.42,29.14,1.94,1,1
63.52,63.62,0.1,0.98,3.25,1,0
129.4,128.97,-0.43,0.0,16.92,1,0
5.18,5.44,0.26,1.8,6.62,1,1
83.44,74.47,-8.97,47.55,1.68,0,1
43.28,44.04,0.76,0.85,10.17,1,0
56.25,57.5,1.25,0.83,16.65,1,0
39.66,40.02,0.36,0.39,9.85,1,0
99.5,73.61,-25.89,40.58,4.46,0,1
133.83,116.05,-17.78,22.6,4.49,0,1
103.54,105.0,1.46,1.21,7.16,1,0
48.97,30.15,-18.82,34.77,1.14,0,1
46.74,47.01,0.27,14.29,0.55,0,2
23.5,24.93,1.43,0.79,11.54,1,0
116.44,116.43,-0.01,3.34,0.0,0,2
84.73,84.73,0.0,0.0,0.0,0,2
5.99,5.57,-0.42,20.29,0.78,0,2
34.99,34.86,-0.13,28.5,0.64,0,2
60.42,61.44,1.02,0.98,7.86,1,0
89.55,53.99,-35.56,38.75,4.6,0,1
69.57,69.42,-0.15,3.04,0.0,0,2
107.32,107.99,0.67,1.07,0.0,0,1
99.31,99.37,0.06,1.74,9.95,1,0
13.69,13.95,0.26,2.15,0.0,0,0
123.38,123.2,-0.18,1.02,0.0,0,2
21.8,22.07,0.27,21.11,0.76,0,2
146.28,145.95,-0.33,0.78,11.31,1,0
128.99,95.98,-33.01,45.5,3.17,1,1
51.54,11.06,-40.48,18.89,0.53,0,1
13.79,14.16,0.37,38.18,0.24,0,2
128.51,130.14,1.63,1.78,4.77,1,0
147.82,148.0,0.18,31.56,0.28,0,2
44.4,44.73,0.33,1.39,0.0,0,2
6.25,5.86,-0.39,1.79,0.0,0,2
25.71,26.07,0.36,0.42,0.0,0,2
49.24,49.15,-0.09,45.91,0.88,0,2
23.46,24.97,1.51,1.32,10.48,1,0
146.27,146.39,0.12,29.54,0.12,0,2
53.25,54.85,1.6,0.0,20.0,1,0
47.23,42.92,-4.31,19.24,0.45,1,1
112.99,114.47,1.48,1.23,5.33,1,0
108.33,77.67,-30.66,49.61,2.03,1,1
126.31,93.41,-32.9,23.76,1.54,0,1
120.64,119.99,-0.65,49.61,0.44,0,2
142.24,142.94,0.7,3.52,0.0,0,2
72.8,59.7,-13.1,10.44,2.79,0,1
57.8,57.8,0.0,2.39,0.0,0,2
117.11,117.22,0.11,59.4,0.75,0,2
120.39,119.78,-0.61,2.18,0.0,0,2
47.82,48.39,0.57,31.7,0.29,0,2
101.14,100.55,-0.59,19.94,0.59,0,2
81.82,82.14,0.32,26.29,0.98,0,2
123.71,123.92,0.21,1.22,0.0,0,0
86.33,85.73,-0.6,52.8,0.98,0,2
79.56,80.03,0.47,1.29,0.0,0,0
58.29,58.65,0.36,0.0,0.0,0,2
22.46,23.12,0.66,0.3,0.0,0,1
49.33,50.14,0.81,51.58,0.17,0,2
109.86,109.89,0.03,29.71,0.11,0,2
90.59,90.42,-0.17,1.7,0.0,0,2
83.01,77.66,-5.35,11.54,2.61,0,1
54.72,56.13,1.41,0.52,14.88,1,0
115.23,103.89,-11.34,15.7,4.25,1,1
69.73,69.36,-0.37,47.88,0.1,0,2
66.69,68.75,2.06,1.28,7.96,1,0
24.45,24.31,-0.14,1.2,0.0,0,2
121.72,123.78,2.06,0.0,15.95,1,0
66.45,66.93,0.48,3.27,0.0,0,2
36.92,37.21,0.29,32.75,0.37,0,2
43.67,44.92,1.25,0.99,10.06,1,0
11.08,11.16,0.08,51.75,0.54,0,2
134.64,134.45,-0.19,0.75,0.0,0,2
10.67,13.07,2.4,0.15,16.01,1,0
125.81,108.54,-17.27,22.7,2.6,1,1
16.44,18.29,1.85,0.82,11.41,1,0
64.12,64.29,0.17,57.48,0.84,0,2
37.97,6.81,-31.16,42.03,0.02,0,1
49.19,23.21,-25.98,20.06,0.6,1,1
77.66,77.5,-0.16,38.02,0.72,0,2
38.88,38.72,-0.16,0.96,0.0,0,2
40.93,40.78,-0.15,41.77,0.42,0,2
91.83,91.74,-0.09,0.75,15.95,1,0
139.02,138.9,-0.12,0.0,0.0,0,2
115.84,115.85,0.01,19.94,0.52,0,2
94.81,95.56,0.75,2.77,0.0,0,2
53.47,52.85,-0.62,32.3,0.7,0,2
127.23,93.71,-33.52,14.68,3.2,1,1
120.76,92.55,-28.21,41.65,4.82,1,1
73.08,73.56,0.48,37.07,0.81,0,2
95.38,95.27,-0.11,44.82,0.59,0,2
29.72,29.71,-0.01,30.57,0.66,0,2
40.14,25.74,-14.4,44.09,4.69,0,1
124.02,124.06,0.04,50.85,0.19,0,2
6.46,6.33,-0.13,52.32,0.16,0,2
78.03,78.55,0.52,42.91,0.19,0,2
35.78,35.62,-0.16,0.84,20.13,1,0
76.99,78.72,1.73,0.11,5.54,1,0
29.27,29.75,0.48,58.1,0.38,0,1
24.4,25.25,0.85,0.56,2.7,1,0
148.26,136.65,-11.61,43.92,3.18,0,1
50.9,50.76,-0.14,43.76,0.57,0,2
45.33,45.27,-0.06,29.97,0.83,0,2
110.34,111.76,1.42,0.61,10.11,1,0
92.83,92.67,-0.16,25.58,0.73,0,2
109.32,109.17,-0.15,34.42,0.62,0,2
22.04,22.16,0.12,1.77,0.0,0,2
23.53,2.37,-21.16,22.96,0.67,1,1
44.98,45.16,0.18,0.21,0.0,0,2
67.75,31.03,-36.72,24.95,4.91,1,1
56.46,57.49,1.03,1.73,11.54,1,0
25.61,27.28,1.67,0.03,16.43,1,0
95.48,95.52,0.04,2.89,0.0,0,2
61.36,62.32,0.96,42.96,0.28,0,2
51.7,51.68,-0.02,25.09,0.17,0,2
132.54,133.18,0.64,0.76,0.0,0,2
91.55,76.22,-15.33,29.39,3.37,1,1
136.12,94.47,-41.65,26.46,0.82,0,1
36.35,37.36,1.01,1.44,5.11,1,0
100.24,100.65,0.41,38.18,0.06,0,2
63.76,64.47,0.71,0.0,0.0,0,2
128.8,128.51,-0.29,1.68,0.0,0,2
83.07,83.47,0.4,38.89,0.86,0,2
9.85,10.3,0.45,16.47,0.14,0,2
103.48,103.79,0.31,1.97,0.0,0,2
89.33,89.23,-0.1,40.12,0.53,0,2
26.07,25.11,-0.96,1.24,0.0,0,2
11.2,13.29,2.09,0.0,17.88,1,0
51.4,51.66,0.26,0.51,0.0,0,2
45.83,46.61,0.78,30.32,0.44,0,2
72.05,72.47,0.42,2.38,17.92,1,0
104.74,104.93,0.19,2.45,0.0,0,0
80.05,80.9,0.85,0.17,16.19,1,0
43.09,0.1,-42.99,34.09,4.8,1,1
70.88,70.84,-0.04,2.18,0.0,0,2
140.39,140.49,0.1,0.14,3.02,1,0
9.51,10.59,1.08,1.12,9.13,1,0
13.62,15.87,2.25,0.0,19.03,1,0
95.98,96.27,0.29,0.97,9.74,1,0
117.32,111.96,-5.36,45.88,3.54,1,2
51.4,52.41,1.01,0.04,9.55,1,0
65.26,66.81,1.55,0.0,11.48,1,0
111.42,95.01,-16.41,11.57,0.17,0,1
13.08,13.33,0.25,55.04,0.8,0,2
76.22,76.73,0.51,0.54,12.03,1,0
12.88,12.18,-0.7,37.48,0.84,0,2
85.43,85.0,-0.43,2.94,0.0,0,2
87.28,87.53,0.25,17.2,0.96,0,2
147.53,147.47,-0.06,25.53,0.63,0,2
59.31,60.72,1.41,0.3,2.58,1,0
25.17,26.87,1.7,1.72,21.07,1,0
92.62,74.54,-18.08,21.13,2.25,0,1
41.77,43.64,1.87,1.54,19.3,1,0
131.46,132.51,1.05,0.14,15.48,1,0
70.48,69.92,-0.56,38.28,0.25,0,2
49.55,49.62,0.07,1.76,0.0,0,2
16.16,15.67,-0.49,58.03,0.43,0,2
79.76,79.88,0.12,21.23,0.14,0,2
110.09,110.63,0.54,2.18,0.0,0,2
72.43,72.85,0.42,50.59,0.45,0,2
18.76,0.1,-18.66,44.75,4.41,1,1
122.12,118.51,-3.61,39.09,1.44,1,1
51.47,51.49,0.02,30.21,0.37,0,2
119.35,119.7,0.35,22.05,0.2,0,2
23.65,22.81,-0.84,0.28,0.0,0,2
137.56,137.89,0.33,0.0,14.61,1,0
112.82,114.35,1.53,0.0,5.85,1,0
7.67,0.1,-7.57,24.95,1.08,1,1
76.43,77.26,0.83,0.0,8.72,1,0
139.22,106.36,-32.86,45.85,0.58,1,1
148.72,113.86,-34.86,43.03,0.6,0,1
34.47,35.34,0.87,0.39,0.0,0,2
38.26,38.22,-0.04,2.49,0.0,0,2
132.49,106.83,-25.66,26.32,1.51,0,1
148.57,104.75,-43.82,10.57,1.62,0,1
14.72,7.83,-6.89,21.64,2.76,1,1
28.82,28.38,-0.44,29.82,0.02,0,2
10.14,0.1,-10.04,27.54,1.86,1,1
31.93,31.35,-0.58,0.59,0.0,0,2
117.52,116.97,-0.55,0.94,0.0,0,2
120.25,120.82,0.57,26.06,0.5,0,2
132.95,134.47,1.52,0.84,1.87,1,0
91.38,91.64,0.26,0.0,12.66,1,0
134.17,134.2,0.03,20.52,0.21,0,2
44.56,44.63,0.07,55.32,0.91,0,2
118.36,118.53,0.17,1.4,0.0,0,2
9.99,12.24,2.25,0.73,20.12,1,0
123.61,123.27,-0.34,19.3,0.33,0,2
111.27,110.46,-0.81,0.16,0.0,0,2
9.54,9.65,0.11,19.51,0.2,0,0
75.9,78.04,2.14,0.64,9.29,1,0
105.11,105.51,0.4,26.51,0.02,0,2
79.19,65.29,-13.9,17.89,1.05,0,1
119.11,102.21,-16.9,47.8,4.66,0,1
129.38,122.98,-6.4,23.65,0.8,1,1
127.08,129.02,1.94,0.0,12.9,1,2
41.61,37.81,-3.8,26.8,2.26,0,1
106.07,107.05,0.98,1.58,11.9,1,0
147.39,148.3,0.91,1.11,7.99,1,0
51.72,52.32,0.6,3.51,0.0,0,2
79.45,79.53,0.08,19.47,0.58,0,1
103.55,102.95,-0.6,18.98,0.92,0,2
36.97,37.6,0.63,1.49,11.01,1,0
123.32,123.08,-0.24,55.5,0.98,0,2
35.2,34.89,-0.31,1.09,0.0,0,2
22.67,0.1,-22.57,41.41,0.93,1,1
141.92,142.18,0.26,1.24,0.0,0,2
60.51,59.87,-0.64,1.69,0.0,0,1
132.08,133.9,1.82,1.07,7.87,1,0
141.02,125.56,-15.46,47.29,4.1,0,1
80.85,82.56,1.71,0.47,10.7,1,0
82.32,50.52,-31.8,20.88,0.95,1,1
95.82,95.01,-0.81,23.27,0.02,0,2
141.43,142.32,0.89,27.22,0.36,0,2
70.52,71.7,1.18,0.0,18.06,1,0
118.08,118.56,0.48,1.51,0.0,0,2
141.33,141.38,0.05,1.02,0.0,0,2
13.64,13.29,-0.35,45.59,0.62,0,2
21.46,4.67,-16.79,11.93,4.73,1,1
145.11,145.38,0.27,39.92,0.85,0,2
10.66,11.52,0.86,0.89,5.31,1,0
15.47,16.68,1.21,1.31,8.46,1,0
101.66,91.87,-9.79,42.01,1.88,1,1
134.33,134.38,0.05,60.06,0.75,0,2
88.88,88.53,-0.35,0.33,0.0,0,2
147.94,147.94,0.0,45.12,0.06,0,2
111.55,90.52,-21.03,46.47,1.6,0,1
142.26,124.87,-17.39,49.06,3.57,1,1
146.64,146.18,-0.46,16.0,0.97,0,2
21.36,21.51,0.15,0.79,0.0,0,2
125.34,125.02,-0.32,40.26,0.05,0,2
110.48,110.25,-0.23,1.47,0.0,0,2
21.73,21.41,-0.32,22.92,0.04,0,2
130.88,131.05,0.17,0.93,5.89,1,0
93.66,74.44,-19.22,33.44,2.53,1,1
96.98,96.61,-0.37,25.87,0.67,0,2
23.16,2.27,-20.89,14.95,4.83,1,1
37.78,37.76,-0.02,1.01,15.15,1,0
146.75,147.65,0.9,0.56,5.42,1,0
79.37,79.51,0.14,31.01,0.66,0,2
139.2,138.99,-0.21,1.71,0.0,0,2
140.14,140.55,0.41,0.23,4.11,1,0
59.63,59.79,0.16,52.67,0.47,0,2
146.12,145.87,-0.25,2.53,0.0,0,2
54.42,55.27,0.85,1.11,0.0,0,2
14.77,16.15,1.38,0.03,11.56,1,0
136.38,136.61,0.23,15.49,0.39,0,2
23.14,24.58,1.44,0.7,10.18,1,0
28.84,28.28,-0.56,0.0,2.87,1,0
78.57,80.4,1.83,0.0,11.11,1,0
25.2,0.1,-25.1,13.97,1.45,1,1
109.13,82.45,-26.68,46.66,0.36,0,1
43.77,43.41,-0.36,36.15,0.67,0,2
132.75,133.68,0.93,0.44,16.98,1,0
118.54,119.04,0.5,1.88,0.0,0,1
50.95,25.63,-25.32,43.19,3.64,0,1
130.0,129.2,-0.8,20.7,0.07,0,2
80.71,80.66,-0.05,2.3,0.0,0,2
130.86,130.83,-0.03,21.04,0.26,0,2
79.49,80.68,1.19,0.0,2.86,1,0
128.82,128.72,-0.1,1.36,0.0,0,2
64.56,25.11,-39.45,41.86,2.54,0,1
20.46,20.58,0.12,1.93,0.0,0,2
87.4,88.46,1.06,0.91,14.77,1,0
87.96,88.28,0.32,2.18,0.0,0,2
112.22,111.9,-0.32,2.58,0.0,0,2
137.28,138.33,1.05,1.71,8.3,1,0
15.01,15.82,0.81,0.94,19.48,1,0
135.6,136.01,0.41,35.43,0.84,0,2
54.27,55.59,1.32,0.21,6.74,1,0
66.01,65.96,-0.05,39.82,0.72,0,2
48.98,9.05,-39.93,23.04,4.34,1,1
17.36,17.75,0.39,0.0,14.32,1,0
66.59,66.23,-0.36,58.79,0.84,0,2
115.83,115.57,-0.26,37.4,0.01,0,2
39.24,39.01,-0.23,0.0,0.0,0,2
77.22,78.04,0.82,24.72,0.01,0,2
67.89,37.37,-30.52,32.06,0.21,1,1
22.67,0.1,-22.57,16.31,4.52,0,1
114.31,115.49,1.18,1.38,12.59,1,0
44.48,0.1,-44.38,17.3,3.58,0,1
135.5,135.15,-0.35,37.75,0.57,0,2
27.65,27.89,0.24,0.0,0.0,0,2
23.43,0.1,-23.33,28.19,0.24,1,1
80.86,80.92,0.06,0.0,0.0,0,2
111.75,91.0,-20.75,12.41,0.47,1,1
120.61,121.12,0.51,0.0,16.13,1,0
30.0,30.16,0.16,2.09,0.0,0,2
141.28,103.65,-37.63,45.8,2.48,1,1
147.27,147.47,0.2,2.55,0.0,0,2
107.45,79.02,-28.43,40.84,4.81,1,1
116.88,84.59,-32.29,16.78,4.51,1,1
56.52,56.17,-0.35,1.08,0.0,0,0
30.87,31.28,0.41,32.38,0.47,0,2
48.21,49.22,1.01,0.11,15.83,1,0
64.14,63.87,-0.27,51.38,0.19,0,0
90.0,90.35,0.35,41.52,0.1,0,2
66.99,66.76,-0.23,35.56,0.56,0,2
35.15,35.04,-0.11,3.47,0.0,0,0
148.48,110.58,-37.9,12.8,1.66,1,1
59.7,59.95,0.25,0.1,16.58,1,0
71.45,61.09,-10.36,36.74,1.03,0,2
110.22,98.58,-11.64,33.34,0.73,0,1
133.14,133.59,0.45,52.35,0.43,0,2
102.56,102.35,-0.21,2.37,0.0,0,0
46.25,47.01,0.76,22.59,0.32,0,2
42.95,43.42,0.47,0.0,14.14,1,0
27.71,27.99,0.28,1.84,9.33,1,0
96.68,96.75,0.07,0.49,0.0,0,2
23.8,0.1,-23.7,48.23,0.85,1,1
120.68,88.38,-32.3,35.77,1.64,0,1
121.21,121.26,0.05,24.1,0.56,0,2
59.1,16.18,-42.92,35.89,4.87,1,1
24.01,9.66,-14.35,34.41,4.37,1,1
109.74,109.46,-0.28,1.81,0.0,0,2
56.03,56.31,0.28,0.55,17.46,1,0
114.1,116.5,2.4,0.88,10.8,1,0
128.97,130.27,1.3,0.78,4.23,1,0
89.88,89.77,-0.11,1.84,0.0,0,2
124.71,124.29,-0.42,2.17,0.0,0,2
10.45,0.1,-10.35,41.07,2.98,1,0
149.24,151.2,1.96,2.12,5.99,1,0
41.24,40.61,-0.63,0.44,0.0,0,2
50.91,51.39,0.48,0.39,0.0,0,2
59.14,59.7,0.56,1.95,10.14,1,0
50.58,19.01,-31.57,20.34,4.1,1,1
7.42,0.1,-7.32,33.87,4.16,0,1
143.19,142.55,-0.64,41.99,0.07,0,2
129.81,105.07,-24.74,37.77,1.35,1,1
146.52,117.88,-28.64,24.25,0.91,0,0
33.27,33.25,-0.02,2.0,0.0,0,2
141.75,141.83,0.08,15.88,0.99,0,2
62.45,64.02,1.57,1.34,7.88,1,2
45.67,26.03,-19.64,41.44,4.95,0,1
35.32,17.67,-17.65,42.47,2.78,1,1
8.65,8.86,0.21,2.68,0.0,0,2
47.98,47.95,-0.03,26.63,0.46,0,2
52.05,30.88,-21.17,31.28,3.82,1,1
40.64,41.71,1.07,0.29,8.35,1,0
76.42,76.53,0.11,3.05,0.0,0,2
120.81,120.66,-0.15,1.6,0.0,0,2
43.06,31.18,-11.88,24.58,4.52,1,1
25.18,24.92,-0.26,1.51,0.0,0,2
128.32,100.32,-28.0,33.86,2.22,0,1
124.89,125.09,0.2,35.89,0.95,0,2
5.99,5.86,-0.13,32.02,0.75,0,2
130.04,131.54,1.5,1.04,7.19,1,1
89.35,89.14,-0.21,0.3,0.0,0,2
70.08,30.29,-39.79,32.02,1.72,0,1
128.92,128.76,-0.16,0.92,14.23,1,0
87.78,88.04,0.26,1.36,0.0,0,2
10.74,10.47,-0.27,40.95,0.02,0,2
108.44,63.84,-44.6,44.97,1.77,0,1
23.43,22.96,-0.47,1.95,0.0,0,2
117.41,85.69,-31.72,21.36,0.21,0,1
85.71,74.97,-10.74,27.49,3.34,1,1
125.25,125.08,-0.17,1.54,0.0,0,2
22.16,22.54,0.38,22.62,0.7,0,2
98.98,99.3,0.32,3.06,0.0,0,2
24.58,24.77,0.19,1.85,0.0,0,2
9.47,10.43,0.96,0.0,18.98,1,0
97.94,99.54,1.6,1.49,14.95,1,0
51.86,52.38,0.52,57.65,0.91,0,2
33.01,0.1,-32.91,45.64,1.71,0,1
80.42,79.92,-0.5,1.66,4.46,1,0
40.58,42.32,1.74,1.81,13.57,1,0
137.68,137.06,-0.62,0.57,0.0,0,2
70.59,71.7,1.11,1.45,16.38,1,0
13.39,13.46,0.07,24.78,0.46,0,2
95.78,95.67,-0.11,1.43,0.0,0,2
26.55,28.32,1.77,1.03,8.62,1,1
81.23,76.4,-4.83,14.4,0.77,0,1
11.98,11.54,-0.44,1.11,0.0,0,2
103.58,96.32,-7.26,30.37,4.13,1,1
111.1,111.03,-0.07,1.31,0.0,0,2
149.34,127.34,-22.0,47.88,0.88,0,1
101.83,67.83,-34.0,49.09,3.07,1,1
34.08,20.3,-13.78,37.81,2.66,1,1
111.0,111.65,0.65,1.7,6.65,1,0
102.26,73.47,-28.79,18.84,1.91,1,1
39.43,33.47,-5.96,17.45,4.61,1,1
132.5,128.91,-3.59,45.95,2.2,0,1
111.29,111.44,0.15,47.88,0.83,0,2
138.17,138.77,0.6,0.47,9.55,1,0
75.01,77.23,2.22,1.11,16.68,1,0
18.22,18.47,0.25,2.15,0.0,0,2
99.27,99.06,-0.21,1.9,0.0,0,2
127.6,91.45,-36.15,32.29,3.69,1,1
115.42,116.12,0.7,0.7,0.0,0,2
58.55,58.52,-0.03,0.0,16.58,1,0
109.59,110.69,1.1,1.23,9.99,1,0
144.63,130.81,-13.82,41.31,0.87,1,2
38.55,38.87,0.32,1.1,0.0,0,2
107.77,98.59,-9.18,24.69,3.16,1,1
41.62,43.04,1.42,0.42,15.01,1,0
93.12,93.66,0.54,48.57,0.97,0,1
39.46,35.3,-4.16,25.87,4.08,1,1
56.55,57.05,0.5,14.26,0.23,0,2
51.01,52.19,1.18,1.01,9.88,1,0
15.55,0.1,-15.45,21.14,2.41,1,1
117.18,116.65,-0.53,0.17,0.0,0,0
98.88,63.4,-35.48,26.0,2.05,0,1
137.36,137.96,0.6,0.0,16.39,1,0
11.92,12.79,0.87,20.98,0.05,0,1
21.4,21.81,0.41,1.65,12.08,1,0
37.97,37.87,-0.1,1.72,0.0,0,1
131.56,99.33,-32.23,25.23,0.9,1,1
139.52,120.07,-19.45,21.77,4.5,1,1
29.18,29.43,0.25,30.32,0.12,0,2
149.74,106.98,-42.76,11.54,1.22,1,1
35.5,36.06,0.56,0.79,5.0,1,1
6.78,0.1,-6.68,25.45,0.83,0,1
94.65,94.22,-0.43,14.95,0.04,0,2
78.3,79.46,1.16,0.31,11.03,1,0
75.67,60.9,-14.77,29.63,3.4,0,1
105.96,63.01,-42.95,33.74,2.51,1,0
120.82,87.66,-33.16,27.49,0.46,0,1
7.13,7.39,0.26,1.21,9.41,1,0
97.03,97.61,0.58,0.0,0.0,0,1
63.74,64.21,0.47,1.93,7.29,1,0
23.63,20.27,-3.36,35.37,0.81,0,2
50.28,15.41,-34.87,26.96,2.97,1,1
63.64,63.37,-0.27,48.23,0.08,0,2
72.61,62.81,-9.8,20.45,2.11,1,1
54.3,21.36,-32.94,42.45,3.7,0,1
92.5,93.01,0.51,39.83,0.95,0,2
134.7,122.29,-12.41,32.74,4.78,1,1
25.53,26.62,1.09,0.17,10.05,1,0
109.21,66.51,-42.7,19.19,1.25,1,1
42.38,42.87,0.49,2.9,0.0,0,0
103.05,103.93,0.88,0.1,9.55,1,0
100.81,101.2,0.39,1.03,9.56,1,0
141.37,140.9,-0.47,26.63,0.53,0,2
99.97,100.19,0.22,1.07,8.54,1,0
88.51,75.4,-13.11,22.9,4.65,0,1
31.96,32.09,0.13,0.32,0.0,0,2
108.54,108.89,0.35,45.05,0.55,0,2
110.78,111.93,1.15,1.01,9.32,1,0
17.84,17.89,0.05,1.49,20.82,1,0
51.86,51.33,-0.53,0.0,0.0,0,2
91.8,92.91,1.11,1.38,16.04,1,0
96.62,97.8,1.18,0.0,18.63,1,0
77.19,51.66,-25.53,38.76,1.07,1,1
43.0,43.17,0.17,0.84,16.35,1,0
28.48,28.83,0.35,56.76,0.87,0,2
106.21,66.91,-39.3,33.59,2.04,1,1
6.4,0.1,-6.3,41.25,1.53,1,1
22.48,23.53,1.05,52.67,0.69,0,2
38.98,23.49,-15.49,21.5,1.34,1,1
125.82,125.55,-0.27,17.1,0.04,0,2
24.1,0.1,-24.0,26.51,3.79,0,1
39.4,40.4,1.0,0.8,7.26,1,0
48.17,49.1,0.93,33.54,0.65,0,1
80.41,80.03,-0.38,2.08,0.0,0,2
103.63,105.11,1.48,0.85,4.8,1,0
137.64,137.88,0.24,2.93,0.0,0,2
6.6,7.83,1.23,0.15,9.52,1,0
84.64,85.0,0.36,1.47,0.0,0,2
27.29,27.71,0.42,1.18,13.35,1,0
99.83,99.99,0.16,0.71,6.06,1,0
9.23,9.17,-0.06,2.32,0.0,0,2
44.73,44.95,0.22,26.72,0.29,0,2
27.28,0.1,-27.18,36.52,0.75,1,2
107.74,107.32,-0.42,1.75,0.0,0,2
57.52,57.45,-0.07,40.41,0.64,0,2
99.38,98.74,-0.64,17.21,0.38,0,2
40.13,39.93,-0.2,42.37,0.07,0,2
144.54,144.67,0.13,30.07,0.73,0,2
22.14,21.85,-0.29,1.33,20.31,1,0
42.32,42.17,-0.15,2.63,0.0,0,2
43.51,43.3,-0.21,2.1,5.88,1,0
57.67,57.04,-0.63,1.38,3.38,1,0
111.64,111.42,-0.22,40.75,0.36,0,2
111.63,110.96,-0.67,47.77,0.49,0,2
23.14,24.69,1.55,0.0,19.17,1,0
103.67,104.65,0.98,45.98,0.86,0,2
15.05,15.86,0.81,0.78,17.36,1,0
104.12,75.27,-28.85,36.96,1.28,1,1
10.4,10.43,0.03,0.94,0.0,0,2
66.66,51.69,-14.97,26.15,1.09,1,1
48.14,21.76,-26.38,16.56,2.79,1,1
35.7,22.09,-13.61,19.75,4.48,0,1
68.91,69.52,0.61,30.04,0.08,0,2
77.73,63.64,-14.09,21.36,4.01,0,1
82.71,83.25,0.54,0.95,0.0,0,2
133.87,134.74,0.87,0.19,4.77,1,0
31.96,0.1,-31.86,17.41,1.96,0,1
43.46,44.25,0.79,1.0,0.0,0,2
24.67,26.39,1.72,1.27,9.79,1,0
71.65,55.69,-15.96,21.19,2.95,0,1
63.75,63.89,0.14,40.76,0.96,0,2
28.32,27.7,-0.62,29.31,0.46,0,1
34.33,25.43,-8.9,44.98,3.62,0,1
129.09,128.85,-0.24,0.0,18.71,1,0
75.27,75.36,0.09,25.56,0.14,0,2
127.04,127.27,0.23,57.0,0.68,0,2
140.55,140.45,-0.1,15.6,0.8,0,2
128.05,129.11,1.06,1.64,19.37,1,0
28.96,30.65,1.69,1.69,3.93,1,0
38.81,16.34,-22.47,26.04,1.49,0,1
112.89,112.69,-0.2,23.1,0.16,0,2
98.89,99.26,0.37,2.37,0.0,0,2
54.01,53.17,-0.84,0.33,0.0,0,1
57.65,20.81,-36.84,45.56,3.27,0,1
139.33,138.17,-1.16,3.8,0.0,0,2
58.56,38.38,-20.18,17.65,0.99,1,1
65.75,67.32,1.57,0.79,19.2,1,0
44.37,44.56,0.19,48.62,0.68,0,2
76.48,76.35,-0.13,1.48,13.6,1,0
59.12,59.34,0.22,1.74,11.32,1,0
64.2,63.94,-0.26,1.22,0.0,0,2
110.51,110.48,-0.03,30.0,0.49,0,0
26.46,26.43,-0.03,3.03,16.3,1,0
61.44,61.85,0.41,1.23,0.0,0,2
9.72,10.36,0.64,2.58,0.0,0,2
129.46,131.34,1.88,1.17,11.95,1,0
80.62,80.59,-0.03,0.65,3.63,1,0
70.97,70.63,-0.34,44.72,0.01,0,2
88.95,89.07,0.12,2.69,0.0,0,2
74.94,76.65,1.71,0.67,8.03,1,0
27.67,27.85,0.18,59.04,0.03,0,2
136.88,136.93,0.05,2.47,10.19,1,0
124.76,91.69,-33.07,48.82,0.76,1,1
127.41,102.38,-25.03,46.75,4.54,1,1
50.2,51.17,0.97,21.69,0.88,0,2
146.59,146.79,0.2,1.35,11.08,1,0
14.99,16.58,1.59,0.91,6.34,1,0
116.0,116.46,0.46,1.17,8.7,1,1
17.28,18.69,1.41,0.13,8.47,1,0
54.56,25.23,-29.33,8.76,1.5,1,1
75.11,52.43,-22.68,14.22,0.01,1,1
21.72,12.91,-8.81,44.19,1.6,1,1
80.43,81.22,0.79,0.45,0.0,0,2
43.44,43.52,0.08,17.41,0.73,0,2
29.12,29.16,0.04,1.44,0.0,0,1
115.05,86.75,-28.3,29.47,4.4,1,1
139.44,140.42,0.98,0.0,9.3,1,0
48.9,11.54,-37.36,37.88,3.56,0,1
42.44,44.49,2.05,1.78,3.21,1,0
60.9,61.02,0.12,2.32,0.0,0,2
84.52,84.95,0.43,1.87,11.29,1,2
10.72,10.21,-0.51,21.99,0.73,0,2
139.42,102.63,-36.79,16.6,3.09,0,1
30.16,30.45,0.29,36.64,0.31,0,2
95.96,96.76,0.8,0.0,8.92,1,0
127.8,127.97,0.17,34.07,0.65,0,2
96.8,98.67,1.87,1.22,7.78,1,0
23.39,0.1,-23.29,22.11,4.98,0,2
18.69,18.67,-0.02,0.6,0.0,0,2
63.53,65.52,1.99,1.45,19.58,1,0
140.49,140.64,0.15,1.48,0.0,0,2
32.32,0.1,-32.22,10.68,1.34,0,1
45.2,45.91,0.71,1.0,7.84,1,0
47.18,47.36,0.18,23.5,0.51,0,2
92.78,94.25,1.47,1.13,9.22,1,0
14.54,9.56,-4.98,14.96,1.86,0,1
10.72,11.06,0.34,0.23,8.34,1,0
16.89,0.1,-16.79,20.63,1.22,1,1
65.6,67.09,1.49,0.63,20.35,1,0
34.82,35.47,0.65,0.92,10.33,1,0
92.86,93.01,0.15,18.95,0.61,0,2
88.18,88.49,0.31,2.9,0.0,0,2
5.57,4.71,-0.86,1.68,0.0,0,2
87.84,88.2,0.36,0.78,0.0,0,2
141.88,142.81,0.93,1.81,7.81,1,0
31.69,32.83,1.14,0.68,19.12,1,0
54.76,12.15,-42.61,31.74,1.69,1,1
132.78,132.89,0.11,0.78,0.0,0,2
113.51,114.02,0.51,0.0,14.22,1,0
81.04,81.09,0.05,50.36,0.87,0,2
80.92,57.96,-22.96,14.97,0.29,0,1
11.69,13.1,1.41,0.0,8.35,1,0
141.48,140.62,-0.86,28.76,0.4,0,2
54.36,54.64,0.28,1.64,0.0,0,2
139.68,140.19,0.51,1.74,0.0,0,2
147.74,147.87,0.13,52.39,0.53,0,2
136.51,120.34,-16.17,16.71,2.6,1,1
98.14,98.07,-0.07,0.0,0.0,0,2
30.49,32.6,2.11,0.76,12.76,1,0
97.12,98.68,1.56,0.15,15.47,1,0
23.72,23.81,0.09,0.0,0.0,0,2
79.35,60.11,-19.24,35.46,1.21,1,1
123.35,123.14,-0.21,56.8,0.96,0,2
47.41,48.87,1.46,0.48,7.91,1,0
91.91,68.15,-23.76,12.75,0.29,0,1
81.03,81.08,0.05,1.2,15.84,1,0
19.07,18.89,-0.18,35.32,0.47,0,2
48.22,51.12,2.9,0.0,13.45,1,0
130.74,131.53,0.79,23.98,0.98,0,2
140.37,137.53,-2.84,19.88,0.2,0,1
32.26,31.89,-0.37,0.0,0.0,0,2
113.23,114.36,1.13,0.97,12.41,1,0
30.99,31.03,0.04,2.28,0.0,0,2
30.2,32.3,2.1,0.75,9.52,1,0
109.88,103.86,-6.02,10.58,3.65,0,1
32.11,1.88,-30.23,47.63,1.38,0,1
13.32,0.1,-13.22,24.04,3.98,1,1
57.48,18.05,-39.43,14.66,0.77,0,1
124.33,96.42,-27.91,31.09,1.27,0,1
125.08,124.62,-0.46,56.53,0.88,0,2
12.81,12.98,0.17,0.15,0.0,0,2
33.52,32.76,-0.76,24.1,0.43,0,2
30.79,32.17,1.38,1.62,12.45,1,0
111.07,66.53,-44.54,48.18,1.19,1,1
56.13,55.41,-0.72,0.3,0.0,0,2
148.16,147.81,-0.35,2.56,0.0,0,2
148.28,148.12,-0.16,26.38,0.35,0,2
49.29,26.12,-23.17,42.27,0.52,1,1
105.46,105.09,-0.37,1.84,0.0,0,2
62.75,63.28,0.53,0.0,15.64,1,0
47.06,46.73,-0.33,57.18,0.06,0,2
31.48,31.39,-0.09,1.24,0.0,0,2
17.87,17.05,-0.82,40.52,0.52,0,2
110.85,112.13,1.28,0.0,8.96,1,0
5.03,5.64,0.61,0.0,0.0,0,2
27.02,27.08,0.06,1.6,0.0,0,2
75.04,40.83,-34.21,46.52,2.89,0,1
143.34,143.16,-0.18,0.62,0.0,0,2
41.23,42.03,0.8,0.17,15.34,1,0
23.02,22.8,-0.22,0.55,0.0,0,2
144.69,134.36,-10.33,42.06,3.12,0,1
42.29,42.56,0.27,1.76,0.0,0,2
74.5,63.54,-10.96,35.73,2.49,1,2
8.2,8.95,0.75,1.13,2.18,1,0
80.73,81.59,0.86,0.53,15.03,1,0
13.58,13.86,0.28,0.0,0.0,0,2
44.11,43.95,-0.16,43.53,0.22,0,2
109.13,109.39,0.26,2.45,0.0,0,2
147.81,148.99,1.18,1.04,18.64,1,0
11.26,11.7,0.44,25.84,0.89,0,0
107.82,66.44,-41.38,24.03,3.74,1,1
103.44,75.86,-27.58,36.25,3.64,0,1
136.71,136.78,0.07,0.0,0.0,0,2
119.56,120.53,0.97,0.44,11.49,1,0
46.97,46.94,-0.03,26.97,0.87,0,2
58.83,16.3,-42.53,30.4,0.17,1,1
128.17,87.33,-40.84,43.73,3.92,0,1
39.0,8.83,-30.17,27.5,3.38,1,1
56.41,22.22,-34.19,45.9,0.98,1,1
40.71,40.67,-0.04,0.42,0.0,0,0
51.36,51.42,0.06,0.25,0.0,0,2
25.68,25.79,0.11,2.5,0.0,0,2
36.33,35.66,-0.67,41.15,0.19,0,2
21.57,21.52,-0.05,33.97,0.02,0,2
112.24,111.67,-0.57,0.43,0.0,0,2
147.35,147.83,0.48,59.58,0.56,0,2
98.56,88.04,-10.52,45.42,2.07,1,1
49.91,25.85,-24.06,11.88,4.92,0,2
100.56,69.71,-30.85,40.4,3.31,1,1
145.02,144.95,-0.07,25.83,0.68,0,2
102.67,102.44,-0.23,3.71,0.0,0,2
119.84,119.72,-0.12,1.25,0.0,0,2
148.02,147.87,-0.15,1.14,0.0,0,2
100.45,99.6,-0.85,18.59,0.89,0,2
45.86,45.82,-0.04,0.0,0.0,0,2
20.18,0.1,-20.08,34.25,2.75,0,1
75.37,77.09,1.72,0.41,15.71,1,2
7.54,7.51,-0.03,1.49,0.0,0,2
65.1,65.0,-0.1,48.56,0.45,0,2
14.51,15.63,1.12,0.0,16.35,1,0
102.04,102.23,0.19,2.47,0.0,0,1
139.68,140.43,0.75,0.0,17.57,1,0
99.93,89.38,-10.55,41.63,3.8,1,1
71.8,71.49,-0.31,2.36,0.0,0,2
19.5,19.43,-0.07,2.48,0.0,0,2
122.47,122.9,0.43,0.5,7.4,1,1
126.96,85.6,-41.36,38.84,1.15,1,1
6.03,5.91,-0.12,1.06,0.0,0,2
77.06,76.26,-0.8,33.6,0.54,0,2
89.11,88.2,-0.91,35.92,0.04,0,2
78.78,78.45,-0.33,32.2,0.89,0,2
131.88,131.86,-0.02,45.56,0.05,0,2
149.47,150.12,0.65,0.0,0.0,0,2
78.17,78.23,0.06,1.4,0.0,0,2
110.45,111.26,0.81,0.65,15.01,1,0
129.67,129.54,-0.13,26.04,0.71,0,2
11.49,11.15,-0.34,0.71,13.35,1,0
70.67,71.19,0.52,53.03,0.8,0,2
45.47,44.74,-0.73,0.0,0.0,0,2
131.23,131.24,0.01,35.92,0.98,0,2
15.48,15.34,-0.14,25.75,0.39,0,1
88.65,89.72,1.07,1.14,6.6,1,0
130.88,131.22,0.34,2.34,0.0,0,2
44.64,44.73,0.09,1.96,0.0,0,2
50.91,51.5,0.59,1.7,0.0,0,2
93.48,59.17,-34.31,28.01,3.46,0,1
111.95,111.68,-0.27,53.37,0.72,0,2
129.71,129.26,-0.45,1.34,0.0,0,2
90.95,90.6,-0.35,0.0,9.79,1,0
132.92,132.23,-0.69,49.12,0.47,0,2
110.69,72.4,-38.29,13.94,3.47,1,1
56.93,56.48,-0.45,2.49,0.0,0,2
133.59,113.52,-20.07,14.33,1.69,0,1
122.08,122.19,0.11,2.38,0.0,0,0
97.28,78.43,-18.85,34.64,1.49,1,1
62.78,62.78,0.0,46.23,0.62,0,2
73.29,39.13,-34.16,45.02,0.51,1,1
69.17,69.74,0.57,1.73,0.0,0,2
133.21,134.01,0.8,0.89,20.24,1,0
88.69,90.2,1.51,0.2,2.83,1,0
26.77,26.72,-0.05,0.27,0.0,0,2
46.07,45.74,-0.33,40.29,0.15,0,2
17.11,17.41,0.3,1.38,9.63,1,0
69.45,41.88,-27.57,23.67,3.72,0,1
143.17,142.91,-0.26,47.62,0.25,0,2
98.21,97.85,-0.36,19.44,0.96,0,2
124.69,124.61,-0.08,43.26,0.13,0,2
135.96,136.02,0.06,1.04,0.0,0,2
85.87,82.61,-3.26,16.2,4.08,1,1
54.92,54.84,-0.08,26.92,0.82,0,2
18.64,18.85,0.21,2.61,0.0,0,2
80.16,79.58,-0.58,0.52,14.9,1,0
71.4,71.38,-0.02,2.18,0.0,0,2
75.44,75.4,-0.04,0.68,0.0,0,2
54.57,54.13,-0.44,40.28,0.53,0,2
49.12,42.28,-6.84,28.36,0.32,0,1
130.69,131.71,1.02,1.26,6.51,1,0
126.53,126.6,0.07,2.29,0.0,0,2
102.77,102.89,0.12,28.9,0.08,0,2
65.67,58.38,-7.29,38.93,3.71,1,1
140.1,134.25,-5.85,22.16,3.91,0,1
38.89,25.89,-13.0,41.54,1.93,1,1
94.97,95.97,1.0,1.53,4.89,1,0
17.82,17.48,-0.34,46.03,0.91,0,2
32.71,32.44,-0.27,23.37,0.62,0,2
82.63,82.88,0.25,1.48,0.0,0,2
111.27,111.8,0.53,2.67,0.0,0,0
85.0,41.12,-43.88,13.49,4.0,0,1
71.83,73.15,1.32,0.97,19.76,1,0
29.21,0.1,-29.11,47.57,3.08,0,1
99.38,99.54,0.16,0.11,11.61,1,0
144.14,144.83,0.69,1.13,3.56,1,0
33.63,33.62,-0.01,59.76,0.66,0,2
115.87,115.8,-0.07,1.53,6.5,1,2
21.25,21.49,0.24,59.36,0.49,0,2
22.7,22.72,0.02,0.0,0.0,0,2
147.37,147.18,-0.19,52.07,0.36,0,2
137.74,138.18,0.44,20.79,0.34,0,2
18.41,0.1,-18.31,43.72,0.98,1,1
54.68,16.57,-38.11,30.04,3.9,1,1
44.39,45.83,1.44,1.38,17.28,1,0
79.93,62.15,-17.78,48.14,3.02,0,1
76.63,77.02,0.39,52.78,0.13,0,2
96.98,96.79,-0.19,2.71,0.0,0,2
83.79,83.39,-0.4,1.48,0.0,0,2
12.78,0.1,-12.68,26.4,2.89,0,1
34.65,34.46,-0.19,0.29,0.0,0,1
19.92,21.7,1.78,1.78,15.77,1,0
86.49,87.07,0.58,0.0,5.68,1,0
95.53,95.34,-0.19,23.94,0.89,0,2
140.77,116.77,-24.0,25.67,3.16,1,1
100.95,100.69,-0.26,47.84,0.48,0,2
82.12,81.9,-0.22,0.0,0.0,0,2
39.43,27.33,-12.1,48.53,1.31,1,1
62.86,50.7,-12.16,14.46,4.85,0,1
78.8,79.14,0.34,28.73,0.13,0,2
131.64,131.81,0.17,0.74,18.71,1,0
141.98,130.02,-11.96,34.25,4.69,1,2
90.28,66.58,-23.7,22.47,3.65,1,1
75.24,54.47,-20.77,41.47,3.8,1,1
86.35,86.69,0.34,23.64,0.44,0,2
101.61,101.88,0.27,0.0,4.65,1,0
75.01,69.44,-5.57,25.29,2.46,1,1
42.2,11.07,-31.13,22.71,4.74,1,1
49.12,49.06,-0.06,0.0,0.0,0,2
105.9,105.83,-0.07,55.29,0.12,0,2
129.91,129.5,-0.41,25.1,0.94,0,2
51.74,53.69,1.95,0.67,15.27,1,0
26.71,12.18,-14.53,44.7,1.08,0,1
95.19,94.77,-0.42,1.5,0.0,0,2
39.08,39.48,0.4,15.81,0.81,0,2
121.79,121.67,-0.12,34.87,0.78,0,2
12.07,12.72,0.65,42.0,0.68,0,2
73.75,62.94,-10.81,12.06,2.49,1,1
89.63,89.3,-0.33,0.0,0.0,0,2
36.2,36.18,-0.02,1.29,0.0,0,2
122.8,123.22,0.42,28.26,0.86,0,2
48.16,6.16,-42.0,14.21,4.62,1,1
78.62,78.32,-0.3,1.02,0.0,0,2
137.69,138.24,0.55,0.0,0.0,0,2
55.56,26.98,-28.58,47.79,0.69,1,1
51.05,36.31,-14.74,33.37,4.48,1,1
106.46,65.97,-40.49,18.15,2.84,0,1
38.13,37.88,-0.25,0.92,0.0,0,2
79.9,80.01,0.11,36.0,0.44,0,2
113.27,113.64,0.37,52.09,0.21,0,2
44.81,17.47,-27.34,39.69,3.46,0,1
61.95,38.67,-23.28,42.4,4.42,1,1
112.94,113.12,0.18,53.9,0.04,0,2
65.15,67.58,2.43,2.12,13.71,1,0
8.41,0.1,-8.31,41.74,0.08,1,1
89.34,58.32,-31.02,42.43,0.72,0,1
78.01,78.96,0.95,1.7,20.08,1,0
26.05,26.35,0.3,26.68,0.8,0,2
57.01,56.83,-0.18,3.45,0.0,0,2
119.02,111.27,-7.75,34.06,4.52,1,1
30.52,19.1,-11.42,21.3,2.23,1,1
140.43,140.35,-0.08,32.2,0.94,0,2
70.6,32.74,-37.86,10.44,1.56,0,1
77.22,63.31,-13.91,46.5,2.17,0,1
57.03,58.61,1.58,1.57,19.46,1,0
121.14,122.65,1.51,0.0,17.96,1,0
136.43,105.53,-30.9,46.0,1.45,1,1
100.51,100.37,-0.14,0.9,7.35,1,0
39.68,23.09,-16.59,13.44,1.77,1,1
100.52,100.56,0.04,44.11,0.69,0,1
75.33,75.18,-0.15,26.95,0.46,0,2
51.51,52.06,0.55,25.38,0.71,0,2
101.11,101.19,0.08,1.76,0.0,0,2
32.88,2.36,-30.52,10.97,2.74,0,1
85.72,85.64,-0.08,2.34,0.0,0,2
14.23,14.22,-0.01,0.66,0.0,0,2
22.76,23.43,0.67,2.54,0.0,0,0
92.56,92.45,-0.11,31.9,0.8,0,2
55.66,56.66,1.0,49.23,0.45,0,2
